"whiskey_id","clustering"
0,0
1,1
2,2
3,3
4,4
5,3
6,5
7,6
8,-1
9,2
10,7
11,8
12,9
13,10
14,11
15,12
16,13
17,14
18,15
19,16
20,17
21,-1
22,18
23,19
24,-1
25,20
26,-1
27,21
28,22
29,23
30,24
31,25
32,-1
33,12
34,26
35,-1
36,27
37,-1
38,28
39,29
40,-1
41,30
42,31
43,32
44,17
45,33
46,12
47,34
48,35
49,36
50,37
51,38
52,30
53,-1
54,37
55,30
56,39
57,37
58,12
59,-1
60,-1
61,40
62,41
63,42
64,43
65,44
66,-1
67,-1
68,-1
69,17
70,36
71,45
72,46
73,47
74,44
75,48
76,49
77,17
78,28
79,50
80,51
81,52
82,53
83,54
84,44
85,17
86,46
87,55
88,56
89,57
90,56
91,58
92,59
93,52
94,0
95,57
96,60
97,61
98,62
99,-1
100,30
101,44
102,44
103,63
104,30
105,63
106,64
107,63
108,64
109,60
110,63
111,65
112,66
113,67
114,58
115,26
116,28
117,28
118,68
119,51
120,3
121,44
122,64
123,44
124,69
125,53
126,36
127,70
128,-1
129,63
130,64
131,63
132,63
133,47
134,-1
135,68
136,71
137,72
138,73
139,74
140,75
141,67
142,76
143,77
144,78
145,79
146,57
147,-1
148,80
149,-1
150,-1
151,0
152,81
153,36
154,0
155,-1
156,82
157,83
158,84
159,3
160,42
161,85
162,28
163,86
164,34
165,87
166,47
167,88
168,44
169,53
170,89
171,55
172,25
173,90
174,91
175,55
176,92
177,36
178,93
179,94
180,-1
181,-1
182,85
183,95
184,2
185,87
186,43
187,96
188,97
189,69
190,-1
191,98
192,2
193,99
194,-1
195,100
196,101
197,-1
198,-1
199,102
200,103
201,38
202,104
203,29
204,90
205,105
206,104
207,106
208,22
209,-1
210,-1
211,107
212,108
213,109
214,53
215,110
216,111
217,89
218,112
219,113
220,43
221,114
222,27
223,104
224,103
225,115
226,28
227,46
228,68
229,115
230,-1
231,19
232,65
233,47
234,116
235,117
236,118
237,112
238,42
239,119
240,17
241,22
242,56
243,120
244,94
245,50
246,89
247,-1
248,112
249,103
250,121
251,-1
252,122
253,55
254,123
255,48
256,36
257,22
258,124
259,125
260,56
261,-1
262,126
263,127
264,17
265,30
266,40
267,0
268,128
269,91
270,55
271,28
272,56
273,129
274,130
275,131
276,59
277,-1
278,-1
279,103
280,128
281,12
282,80
283,52
284,63
285,63
286,65
287,49
288,52
289,63
290,120
291,63
292,60
293,132
294,133
295,134
296,135
297,11
298,-1
299,63
300,-1
301,136
302,44
303,-1
304,-1
305,84
306,137
307,-1
308,84
309,-1
310,59
311,-1
312,138
313,139
314,-1
315,140
316,-1
317,-1
318,32
319,-1
320,63
321,141
322,63
323,142
324,143
325,12
326,-1
327,144
328,139
329,145
330,146
331,63
332,-1
333,-1
334,-1
335,85
336,147
337,-1
338,148
339,110
340,36
341,100
342,70
343,68
344,149
345,-1
346,150
347,151
348,152
349,36
350,-1
351,64
352,153
353,70
354,-1
355,16
356,63
357,-1
358,-1
359,-1
360,154
361,155
362,63
363,135
364,69
365,156
366,157
367,-1
368,145
369,63
370,47
371,158
372,-1
373,-1
374,17
375,54
376,-1
377,36
378,159
379,45
380,160
381,-1
382,161
383,162
384,163
385,-1
386,-1
387,63
388,63
389,155
390,164
391,22
392,-1
393,-1
394,103
395,103
396,64
397,-1
398,128
399,165
400,166
401,167
402,168
403,161
404,169
405,170
406,-1
407,112
408,63
409,44
410,100
411,139
412,-1
413,145
414,171
415,172
416,30
417,-1
418,173
419,174
420,-1
421,-1
422,44
423,175
424,176
425,46
426,174
427,177
428,-1
429,137
430,178
431,179
432,70
433,-1
434,180
435,27
436,-1
437,139
438,181
439,27
440,54
441,47
442,106
443,155
444,103
445,138
446,182
447,183
448,123
449,115
450,15
451,184
452,69
453,63
454,185
455,53
456,186
457,187
458,160
459,44
460,128
461,52
462,188
463,91
464,139
465,189
466,58
467,190
468,28
469,180
470,30
471,187
472,139
473,191
474,-1
475,36
476,44
477,192
478,12
479,44
480,64
481,146
482,70
483,12
484,186
485,44
486,-1
487,193
488,52
489,194
490,-1
491,-1
492,131
493,153
494,50
495,-1
496,-1
497,-1
498,93
499,-1
500,58
501,-1
502,195
503,-1
504,180
505,69
506,163
507,36
508,196
509,24
510,2
511,-1
512,197
513,48
514,-1
515,155
516,198
517,199
518,121
519,200
520,-1
521,-1
522,201
523,81
524,-1
525,48
526,187
527,202
528,203
529,184
530,-1
531,204
532,138
533,-1
534,-1
535,12
536,122
537,205
538,193
539,-1
540,-1
541,132
542,-1
543,206
544,207
545,208
546,21
547,157
548,-1
549,209
550,-1
551,-1
552,168
553,210
554,211
555,197
556,212
557,36
558,181
559,-1
560,213
561,214
562,215
563,82
564,216
565,79
566,103
567,217
568,-1
569,142
570,128
571,111
572,218
573,-1
574,219
575,167
576,157
577,183
578,34
579,-1
580,30
581,-1
582,-1
583,52
584,103
585,12
586,155
587,220
588,84
589,46
590,139
591,221
592,222
593,189
594,69
595,157
596,223
597,-1
598,224
599,225
600,-1
601,226
602,55
603,217
604,-1
605,17
606,227
607,228
608,52
609,229
610,38
611,-1
612,69
613,-1
614,55
615,-1
616,230
617,-1
618,146
619,231
620,-1
621,-1
622,159
623,197
624,-1
625,-1
626,232
627,217
628,205
629,105
630,-1
631,233
632,63
633,-1
634,234
635,65
636,169
637,235
638,37
639,16
640,236
641,69
642,52
643,94
644,63
645,184
646,55
647,-1
648,82
649,161
650,-1
651,36
652,146
653,29
654,220
655,103
656,2
657,-1
658,-1
659,237
660,149
661,237
662,125
663,-1
664,181
665,238
666,28
667,239
668,199
669,-1
670,-1
671,-1
672,11
673,44
674,87
675,27
676,240
677,241
678,144
679,57
680,60
681,44
682,242
683,126
684,243
685,-1
686,68
687,147
688,-1
689,244
690,63
691,245
692,131
693,246
694,-1
695,160
696,131
697,11
698,139
699,47
700,47
701,-1
702,61
703,17
704,47
705,189
706,17
707,45
708,247
709,103
710,-1
711,55
712,248
713,68
714,65
715,249
716,63
717,-1
718,65
719,64
720,250
721,251
722,56
723,65
724,64
725,49
726,30
727,220
728,30
729,-1
730,12
731,-1
732,46
733,252
734,2
735,253
736,58
737,-1
738,63
739,94
740,254
741,255
742,64
743,254
744,187
745,0
746,-1
747,-1
748,-1
749,59
750,-1
751,64
752,52
753,63
754,48
755,63
756,52
757,47
758,256
759,44
760,125
761,-1
762,125
763,254
764,60
765,155
766,-1
767,111
768,1
769,233
770,257
771,128
772,44
773,258
774,134
775,69
776,212
777,45
778,113
779,238
780,69
781,81
782,72
783,135
784,259
785,260
786,112
787,180
788,165
789,207
790,234
791,81
792,203
793,-1
794,260
795,-1
796,256
797,27
798,-1
799,-1
800,92
801,61
802,115
803,118
804,-1
805,261
806,88
807,262
808,259
809,263
810,239
811,47
812,48
813,84
814,74
815,-1
816,118
817,101
818,148
819,167
820,138
821,264
822,178
823,265
824,266
825,30
826,41
827,-1
828,76
829,121
830,48
831,103
832,-1
833,-1
834,267
835,-1
836,268
837,269
838,270
839,271
840,18
841,222
842,248
843,90
844,49
845,135
846,272
847,36
848,212
849,273
850,274
851,-1
852,57
853,275
854,120
855,276
856,-1
857,277
858,61
859,179
860,27
861,179
862,278
863,279
864,67
865,280
866,-1
867,194
868,121
869,-1
870,12
871,131
872,84
873,281
874,260
875,282
876,90
877,53
878,118
879,283
880,284
881,103
882,81
883,97
884,31
885,285
886,112
887,41
888,131
889,-1
890,59
891,286
892,108
893,131
894,106
895,287
896,103
897,41
898,288
899,-1
900,1
901,289
902,290
903,121
904,284
905,104
906,291
907,55
908,-1
909,59
910,98
911,71
912,49
913,27
914,-1
915,277
916,260
917,2
918,63
919,292
920,36
921,131
922,251
923,293
924,294
925,194
926,-1
927,254
928,131
929,175
930,46
931,-1
932,293
933,195
934,295
935,257
936,284
937,-1
938,-1
939,120
940,234
941,2
942,111
943,48
944,296
945,297
946,298
947,299
948,300
949,18
950,-1
951,279
952,131
953,52
954,92
955,-1
956,-1
957,179
958,239
959,135
960,178
961,128
962,175
963,59
964,301
965,-1
966,263
967,287
968,174
969,97
970,92
971,91
972,178
973,84
974,12
975,65
976,80
977,302
978,161
979,-1
980,91
981,131
982,-1
983,17
984,303
985,79
986,23
987,304
988,81
989,293
990,68
991,283
992,103
993,305
994,306
995,112
996,12
997,128
998,307
999,112
1000,90
1001,17
1002,85
1003,63
1004,106
1005,78
1006,260
1007,-1
1008,131
1009,138
1010,303
1011,82
1012,220
1013,308
1014,200
1015,309
1016,63
1017,53
1018,120
1019,36
1020,310
1021,36
1022,206
1023,0
1024,49
1025,208
1026,311
1027,293
1028,-1
1029,180
1030,286
1031,272
1032,291
1033,82
1034,-1
1035,71
1036,26
1037,305
1038,125
1039,49
1040,-1
1041,312
1042,230
1043,313
1044,-1
1045,45
1046,101
1047,103
1048,174
1049,314
1050,315
1051,303
1052,316
1053,85
1054,-1
1055,317
1056,81
1057,19
1058,93
1059,138
1060,-1
1061,71
1062,2
1063,188
1064,208
1065,38
1066,-1
1067,24
1068,52
1069,126
1070,93
1071,305
1072,299
1073,67
1074,318
1075,319
1076,11
1077,30
1078,-1
1079,320
1080,20
1081,263
1082,321
1083,305
1084,2
1085,47
1086,-1
1087,120
1088,79
1089,322
1090,128
1091,305
1092,263
1093,121
1094,84
1095,262
1096,36
1097,-1
1098,-1
1099,96
1100,178
1101,23
1102,167
1103,323
1104,324
1105,239
1106,311
1107,313
1108,325
1109,19
1110,282
1111,119
1112,303
1113,56
1114,49
1115,120
1116,-1
1117,20
1118,314
1119,175
1120,103
1121,-1
1122,61
1123,-1
1124,326
1125,220
1126,279
1127,256
1128,7
1129,327
1130,174
1131,328
1132,309
1133,291
1134,329
1135,251
1136,24
1137,131
1138,268
1139,330
1140,331
1141,210
1142,69
1143,48
1144,332
1145,229
1146,274
1147,281
1148,44
1149,333
1150,2
1151,131
1152,11
1153,36
1154,48
1155,93
1156,32
1157,-1
1158,-1
1159,82
1160,-1
1161,239
1162,288
1163,9
1164,214
1165,107
1166,294
1167,334
1168,87
1169,279
1170,119
1171,52
1172,203
1173,212
1174,55
1175,268
1176,-1
1177,-1
1178,303
1179,-1
1180,335
1181,32
1182,-1
1183,65
1184,-1
1185,120
1186,47
1187,31
1188,270
1189,319
1190,-1
1191,259
1192,24
1193,78
1194,112
1195,306
1196,-1
1197,313
1198,-1
1199,279
1200,336
1201,337
1202,179
1203,338
1204,2
1205,-1
1206,-1
1207,23
1208,115
1209,-1
1210,-1
1211,121
1212,79
1213,36
1214,-1
1215,57
1216,339
1217,78
1218,12
1219,69
1220,316
1221,340
1222,115
1223,84
1224,269
1225,27
1226,174
1227,82
1228,237
1229,260
1230,64
1231,12
1232,263
1233,30
1234,112
1235,120
1236,82
1237,32
1238,71
1239,-1
1240,57
1241,36
1242,246
1243,207
1244,12
1245,121
1246,341
1247,286
1248,303
1249,71
1250,103
1251,48
1252,342
1253,112
1254,12
1255,128
1256,31
1257,17
1258,103
1259,46
1260,68
1261,80
1262,120
1263,113
1264,135
1265,112
1266,263
1267,30
1268,131
1269,135
1270,84
1271,112
1272,167
1273,343
1274,291
1275,79
1276,344
1277,72
1278,-1
1279,-1
1280,138
1281,-1
1282,-1
1283,312
1284,138
1285,222
1286,81
1287,345
1288,346
1289,263
1290,305
1291,29
1292,65
1293,-1
1294,225
1295,0
1296,-1
1297,61
1298,53
1299,208
1300,-1
1301,-1
1302,347
1303,-1
1304,12
1305,135
1306,270
1307,337
1308,348
1309,-1
1310,84
1311,286
1312,348
1313,-1
1314,178
1315,322
1316,-1
1317,349
1318,-1
1319,350
1320,175
1321,11
1322,351
1323,167
1324,49
1325,320
1326,22
1327,12
1328,-1
1329,293
1330,342
1331,61
1332,338
1333,0
1334,23
1335,-1
1336,-1
1337,56
1338,303
1339,61
1340,352
1341,353
1342,63
1343,61
1344,52
1345,7
1346,-1
1347,239
1348,324
1349,212
1350,354
1351,-1
1352,322
1353,42
1354,23
1355,121
1356,307
1357,-1
1358,-1
1359,344
1360,9
1361,41
1362,-1
1363,200
1364,29
1365,323
1366,15
1367,103
1368,200
1369,53
1370,48
1371,246
1372,55
1373,-1
1374,59
1375,138
1376,71
1377,20
1378,52
1379,128
1380,61
1381,2
1382,216
1383,101
1384,104
1385,59
1386,131
1387,355
1388,287
1389,5
1390,356
1391,17
1392,112
1393,104
1394,13
1395,121
1396,-1
1397,28
1398,2
1399,-1
1400,-1
1401,153
1402,45
1403,357
1404,103
1405,358
1406,241
1407,154
1408,63
1409,55
1410,69
1411,78
1412,277
1413,359
1414,32
1415,-1
1416,70
1417,36
1418,167
1419,27
1420,90
1421,24
1422,-1
1423,226
1424,7
1425,174
1426,262
1427,239
1428,130
1429,121
1430,178
1431,22
1432,84
1433,49
1434,38
1435,360
1436,68
1437,-1
1438,57
1439,8
1440,361
1441,270
1442,84
1443,50
1444,200
1445,316
1446,-1
1447,85
1448,360
1449,263
1450,87
1451,122
1452,26
1453,88
1454,26
1455,362
1456,48
1457,67
1458,363
1459,61
1460,263
1461,38
1462,112
1463,103
1464,135
1465,-1
1466,53
1467,203
1468,222
1469,174
1470,222
1471,-1
1472,239
1473,11
1474,364
1475,90
1476,48
1477,363
1478,113
1479,5
1480,91
1481,200
1482,254
1483,195
1484,12
1485,238
1486,103
1487,-1
1488,287
1489,28
1490,93
1491,365
1492,41
1493,217
1494,260
1495,53
1496,153
1497,11
1498,48
1499,41
1500,178
1501,303
1502,-1
1503,352
1504,58
1505,27
1506,120
1507,53
1508,186
1509,81
1510,-1
1511,279
1512,341
1513,2
1514,174
1515,63
1516,-1
1517,335
1518,12
1519,110
1520,268
1521,27
1522,27
1523,277
1524,58
1525,23
1526,333
1527,36
1528,79
1529,27
1530,132
1531,366
1532,239
1533,263
1534,-1
1535,36
1536,367
1537,341
1538,53
1539,368
1540,138
1541,79
1542,174
1543,57
1544,180
1545,17
1546,106
1547,81
1548,369
1549,31
1550,370
1551,-1
1552,353
1553,94
1554,-1
1555,0
1556,2
1557,120
1558,121
1559,175
1560,121
1561,122
1562,270
1563,203
1564,-1
1565,70
1566,121
1567,103
1568,358
1569,39
1570,-1
1571,0
1572,246
1573,371
1574,48
1575,-1
1576,325
1577,93
1578,128
1579,26
1580,44
1581,56
1582,64
1583,261
1584,27
1585,72
1586,84
1587,68
1588,48
1589,17
1590,7
1591,36
1592,70
1593,45
1594,372
1595,131
1596,85
1597,355
1598,337
1599,-1
1600,121
1601,69
1602,341
1603,179
1604,333
1605,316
1606,55
1607,42
1608,2
1609,19
1610,60
1611,-1
1612,152
1613,234
1614,93
1615,128
1616,305
1617,103
1618,56
1619,52
1620,30
1621,373
1622,22
1623,36
1624,-1
1625,52
1626,374
1627,70
1628,36
1629,243
1630,375
1631,130
1632,24
1633,144
1634,27
1635,197
1636,261
1637,354
1638,345
1639,376
1640,58
1641,131
1642,111
1643,11
1644,18
1645,377
1646,34
1647,52
1648,378
1649,59
1650,125
1651,379
1652,34
1653,126
1654,46
1655,122
1656,44
1657,36
1658,325
1659,380
1660,44
1661,28
1662,52
1663,27
1664,103
1665,93
1666,161
1667,103
1668,48
1669,30
1670,64
1671,68
1672,30
1673,94
1674,53
1675,64
1676,63
1677,38
1678,59
1679,15
1680,22
1681,64
1682,41
1683,27
1684,381
1685,36
1686,356
1687,370
1688,176
1689,94
1690,313
1691,57
1692,70
1693,52
1694,52
1695,-1
1696,103
1697,382
1698,341
1699,64
1700,56
1701,343
1702,44
1703,11
1704,104
1705,0
1706,48
1707,132
1708,56
1709,-1
1710,64
1711,17
1712,123
1713,63
1714,113
1715,53
1716,0
1717,68
1718,-1
1719,181
1720,88
1721,68
1722,68
1723,64
1724,93
1725,113
1726,64
1727,-1
1728,22
1729,2
1730,246
1731,64
1732,383
1733,106
1734,68
1735,132
1736,210
1737,40
1738,28
1739,63
1740,103
1741,27
1742,53
1743,157
1744,52
1745,0
1746,12
1747,63
1748,103
1749,55
1750,15
1751,28
1752,270
1753,86
1754,384
1755,254
1756,64
1757,304
1758,68
1759,217
1760,50
1761,5
1762,211
1763,-1
1764,94
1765,64
1766,64
1767,179
1768,84
1769,80
1770,53
1771,27
1772,2
1773,47
1774,101
1775,385
1776,30
1777,239
1778,-1
1779,53
1780,30
1781,122
1782,103
1783,30
1784,42
1785,-1
1786,12
1787,370
1788,124
1789,178
1790,63
1791,103
1792,386
1793,103
1794,359
1795,22
1796,52
1797,69
1798,64
1799,311
1800,44
1801,44
1802,50
1803,27
1804,28
1805,63
1806,316
1807,52
1808,-1
1809,387
1810,68
1811,27
1812,84
1813,60
1814,36
1815,96
1816,53
1817,120
1818,94
1819,168
1820,383
1821,103
1822,84
1823,103
1824,45
1825,388
1826,112
1827,86
1828,125
1829,93
1830,45
1831,178
1832,132
1833,-1
1834,383
1835,93
1836,60
1837,389
1838,31
1839,238
1840,276
1841,60
1842,4
1843,96
1844,243
1845,27
1846,50
1847,46
1848,-1
1849,14
1850,109
1851,134
1852,390
1853,63
1854,45
1855,383
1856,311
1857,128
1858,391
1859,2
1860,47
1861,208
1862,112
1863,45
1864,36
1865,112
1866,351
1867,18
1868,64
1869,42
1870,45
1871,50
1872,123
1873,27
1874,-1
1875,1
1876,392
1877,120
1878,243
1879,-1
1880,374
1881,380
1882,68
1883,200
1884,10
1885,16
1886,2
1887,30
1888,179
1889,47
1890,60
1891,53
1892,43
1893,53
1894,118
1895,111
1896,-1
1897,238
1898,111
1899,15
1900,1
1901,393
1902,96
1903,53
1904,44
1905,47
1906,47
1907,128
1908,18
1909,45
1910,28
1911,63
1912,28
1913,113
1914,46
1915,347
1916,64
1917,63
1918,49
1919,179
1920,161
1921,28
1922,220
1923,49
1924,263
1925,394
1926,68
1927,46
1928,254
1929,64
1930,16
1931,27
1932,-1
1933,111
1934,30
1935,-1
1936,190
1937,220
1938,189
1939,120
1940,30
1941,293
1942,395
1943,53
1944,187
1945,105
1946,-1
1947,253
1948,225
1949,-1
1950,0
1951,112
1952,212
1953,303
1954,26
1955,396
1956,252
1957,-1
1958,312
1959,387
1960,52
1961,-1
1962,36
1963,47
1964,397
1965,38
1966,167
1967,274
1968,-1
1969,115
1970,270
1971,45
1972,52
1973,57
1974,155
1975,217
1976,113
1977,131
1978,63
1979,135
1980,-1
1981,2
1982,50
1983,11
1984,305
1985,53
1986,56
1987,53
1988,71
1989,398
1990,-1
1991,-1
1992,174
1993,-1
1994,94
1995,141
1996,120
1997,-1
1998,64
1999,399
2000,27
2001,131
2002,400
2003,112
2004,63
2005,218
2006,91
2007,326
2008,308
2009,79
2010,401
2011,394
2012,104
2013,128
2014,60
2015,239
2016,63
2017,113
2018,242
2019,222
2020,2
2021,157
2022,402
2023,46
2024,83
2025,381
2026,153
2027,1
2028,94
2029,61
2030,50
2031,173
2032,103
2033,93
2034,54
2035,135
2036,-1
2037,403
2038,200
2039,404
2040,-1
2041,56
2042,120
2043,311
2044,246
2045,47
2046,44
2047,-1
2048,349
2049,121
2050,52
2051,383
2052,50
2053,30
2054,-1
2055,123
2056,181
2057,120
2058,53
2059,405
2060,64
2061,111
2062,15
2063,36
2064,29
2065,104
2066,208
2067,120
2068,44
2069,70
2070,47
2071,370
2072,52
2073,-1
2074,69
2075,27
2076,-1
2077,239
2078,103
2079,48
2080,60
2081,33
2082,52
2083,32
2084,406
2085,30
2086,30
2087,138
2088,251
2089,62
2090,56
2091,238
2092,128
2093,103
2094,52
2095,135
2096,334
2097,104
2098,52
2099,55
2100,111
2101,245
2102,407
2103,313
2104,57
2105,181
2106,91
2107,64
2108,408
2109,112
2110,164
2111,179
2112,263
2113,60
2114,96
2115,181
2116,17
2117,93
2118,56
2119,56
2120,54
2121,-1
2122,251
2123,103
2124,334
2125,63
2126,52
2127,11
2128,302
2129,103
2130,181
2131,-1
2132,21
2133,63
2134,45
2135,285
2136,409
2137,259
2138,103
2139,112
2140,3
2141,410
2142,55
2143,52
2144,42
2145,177
2146,56
2147,60
2148,-1
2149,60
2150,63
2151,41
2152,128
2153,258
2154,411
2155,55
2156,56
2157,412
2158,350
2159,47
2160,3
2161,121
2162,104
2163,55
2164,103
2165,112
2166,96
2167,17
2168,110
2169,28
2170,-1
2171,60
2172,113
2173,0
2174,238
2175,185
2176,91
2177,122
2178,60
2179,413
2180,44
2181,357
2182,183
2183,0
2184,44
2185,44
2186,50
2187,218
2188,56
2189,221
2190,64
2191,99
2192,46
2193,153
2194,53
2195,44
2196,93
2197,92
2198,44
2199,55
2200,30
2201,44
2202,4
2203,341
2204,189
2205,28
2206,52
2207,59
2208,112
2209,44
2210,63
2211,414
2212,106
2213,103
2214,30
2215,47
2216,68
2217,60
2218,187
2219,52
2220,176
2221,60
2222,94
2223,112
2224,44
2225,3
2226,60
2227,104
2228,60
2229,60
2230,212
2231,28
2232,415
2233,243
2234,132
2235,53
2236,34
2237,63
2238,416
2239,47
2240,64
2241,44
2242,212
2243,63
2244,70
2245,63
2246,246
2247,198
2248,28
2249,32
2250,417
2251,60
2252,11
2253,-1
2254,113
2255,50
2256,181
2257,45
2258,418
2259,372
2260,47
2261,38
2262,36
2263,238
2264,125
2265,60
2266,45
2267,267
2268,53
2269,103
2270,419
2271,246
2272,316
2273,-1
2274,45
2275,36
2276,55
2277,53
2278,420
2279,304
2280,60
2281,3
2282,52
2283,54
2284,104
2285,91
2286,11
2287,30
2288,12
2289,179
2290,185
2291,-1
2292,0
2293,17
2294,0
2295,45
2296,125
2297,346
2298,238
2299,-1
2300,63
2301,-1
2302,395
2303,238
2304,128
2305,63
2306,220
2307,30
2308,64
2309,120
2310,128
2311,63
2312,45
2313,63
2314,17
2315,174
2316,17
2317,103
2318,103
2319,57
2320,187
2321,78
2322,105
2323,56
2324,71
2325,421
2326,63
2327,47
2328,18
2329,263
2330,44
2331,372
2332,134
2333,57
2334,123
2335,60
2336,1
2337,3
2338,422
2339,-1
2340,44
2341,264
2342,31
2343,3
2344,329
2345,124
2346,304
2347,312
2348,1
2349,3
2350,44
2351,351
2352,86
2353,1
2354,63
2355,56
2356,302
2357,268
2358,103
2359,254
2360,-1
2361,423
2362,424
2363,44
2364,239
2365,154
2366,81
2367,181
2368,3
2369,425
2370,94
2371,-1
2372,357
2373,56
2374,386
2375,57
2376,44
2377,44
2378,86
2379,426
2380,57
2381,45
2382,211
2383,60
2384,351
2385,-1
2386,55
2387,386
2388,44
2389,-1
2390,-1
2391,377
2392,64
2393,64
2394,113
2395,113
2396,1
2397,-1
2398,70
2399,359
2400,-1
2401,427
2402,116
2403,65
2404,103
2405,53
2406,416
2407,-1
2408,287
2409,177
2410,94
2411,322
2412,0
2413,44
2414,-1
2415,-1
2416,103
2417,218
2418,135
2419,428
2420,139
2421,199
2422,429
2423,259
2424,128
2425,153
2426,267
2427,226
2428,96
2429,270
2430,341
2431,110
2432,44
2433,-1
2434,-1
2435,64
2436,258
2437,229
2438,47
2439,196
2440,179
2441,30
2442,53
2443,430
2444,44
2445,30
2446,56
2447,-1
2448,-1
2449,431
2450,-1
2451,254
2452,-1
2453,17
2454,128
2455,-1
2456,401
2457,167
2458,376
2459,44
2460,321
2461,57
2462,201
2463,239
2464,23
2465,146
2466,69
2467,119
2468,182
2469,432
2470,-1
2471,139
2472,256
2473,433
2474,82
2475,103
2476,431
2477,139
2478,-1
2479,219
2480,53
2481,63
2482,64
2483,205
2484,-1
2485,-1
2486,311
2487,60
2488,63
2489,189
2490,100
2491,-1
2492,212
2493,146
2494,28
2495,11
2496,64
2497,74
2498,53
2499,434
2500,63
2501,34
2502,96
2503,435
2504,11
2505,53
2506,103
2507,135
2508,-1
2509,64
2510,256
2511,325
2512,55
2513,-1
2514,-1
2515,76
2516,53
2517,1
2518,28
2519,145
2520,436
2521,124
2522,437
2523,121
2524,30
2525,53
2526,46
2527,421
2528,63
2529,3
2530,-1
2531,12
2532,330
2533,56
2534,160
2535,125
2536,135
2537,30
2538,36
2539,47
2540,17
2541,243
2542,178
2543,131
2544,6
2545,290
2546,68
2547,42
2548,-1
2549,182
2550,57
2551,137
2552,30
2553,233
2554,85
2555,52
2556,155
2557,208
2558,36
2559,208
2560,384
2561,103
2562,64
2563,100
2564,155
2565,44
2566,-1
2567,196
2568,63
2569,-1
2570,438
2571,128
2572,243
2573,120
2574,-1
2575,56
2576,53
2577,111
2578,11
2579,55
2580,3
2581,67
2582,84
2583,120
2584,47
2585,27
2586,113
2587,358
2588,-1
2589,199
2590,123
2591,44
2592,47
2593,74
2594,178
2595,63
2596,47
2597,93
2598,390
2599,128
2600,47
2601,178
2602,70
2603,56
2604,93
2605,370
2606,12
2607,49
2608,63
2609,4
2610,52
2611,-1
2612,-1
2613,12
2614,210
2615,36
2616,439
2617,-1
2618,120
2619,132
2620,282
2621,-1
2622,387
2623,131
2624,174
2625,426
2626,135
2627,281
2628,393
2629,311
2630,56
2631,-1
2632,16
2633,53
2634,21
2635,389
2636,90
2637,-1
2638,239
2639,53
2640,440
2641,41
2642,134
2643,120
2644,43
2645,59
2646,-1
2647,179
2648,-1
2649,-1
2650,178
2651,135
2652,128
2653,260
2654,441
2655,143
2656,56
2657,201
2658,112
2659,70
2660,58
2661,-1
2662,0
2663,32
2664,-1
2665,21
2666,200
2667,65
2668,-1
2669,278
2670,345
2671,-1
2672,442
2673,115
2674,30
2675,53
2676,238
2677,297
2678,44
2679,222
2680,53
2681,181
2682,261
2683,52
2684,53
2685,317
2686,122
2687,293
2688,63
2689,87
2690,57
2691,-1
2692,36
2693,404
2694,0
2695,27
2696,285
2697,443
2698,64
2699,53
2700,444
2701,445
2702,17
2703,64
2704,-1
2705,200
2706,55
2707,180
2708,261
2709,69
2710,48
2711,30
2712,161
2713,36
2714,2
2715,131
2716,178
2717,246
2718,18
2719,47
2720,179
2721,59
2722,69
2723,285
2724,53
2725,392
2726,112
2727,-1
2728,27
2729,217
2730,-1
2731,104
2732,131
2733,153
2734,12
2735,134
2736,53
2737,372
2738,49
2739,190
2740,168
2741,-1
2742,115
2743,446
2744,63
2745,44
2746,59
2747,433
2748,216
2749,104
2750,47
2751,30
2752,27
2753,79
2754,-1
2755,178
2756,84
2757,180
2758,69
2759,-1
2760,-1
2761,-1
2762,447
2763,34
2764,28
2765,448
2766,265
2767,239
2768,59
2769,193
2770,43
2771,139
2772,-1
2773,47
2774,237
2775,-1
2776,310
2777,54
2778,315
2779,52
2780,124
2781,431
2782,190
2783,-1
2784,228
2785,185
2786,439
2787,-1
2788,-1
2789,231
2790,439
2791,45
2792,46
2793,162
2794,139
2795,61
2796,35
2797,-1
2798,421
2799,42
2800,-1
2801,139
2802,2
2803,-1
2804,-1
2805,394
2806,17
2807,122
2808,139
2809,64
2810,160
2811,-1
2812,64
2813,48
2814,128
2815,64
2816,125
2817,273
2818,-1
2819,182
2820,47
2821,49
2822,311
2823,444
2824,246
2825,60
2826,128
2827,30
2828,64
2829,2
2830,-1
2831,-1
2832,-1
2833,262
2834,30
2835,392
2836,139
2837,179
2838,44
2839,126
2840,383
2841,91
2842,111
2843,64
2844,97
2845,17
2846,134
2847,96
2848,295
2849,421
2850,113
2851,63
2852,65
2853,120
2854,359
2855,93
2856,21
2857,161
2858,-1
2859,-1
2860,30
2861,47
2862,52
2863,111
2864,139
2865,56
2866,208
2867,56
2868,0
2869,30
2870,36
2871,316
2872,239
2873,63
2874,63
2875,44
2876,179
2877,44
2878,-1
2879,233
2880,185
2881,93
2882,11
2883,449
2884,28
2885,47
2886,93
2887,44
2888,28
2889,44
2890,30
2891,64
2892,70
2893,212
2894,52
2895,31
2896,52
2897,57
2898,450
2899,139
2900,338
2901,33
2902,341
2903,47
2904,138
2905,331
2906,451
2907,83
2908,334
2909,263
2910,330
2911,48
2912,-1
2913,-1
2914,208
2915,311
2916,263
2917,452
2918,-1
2919,124
2920,234
2921,-1
2922,120
2923,44
2924,4
2925,63
2926,379
2927,36
2928,453
2929,204
2930,68
2931,103
2932,153
2933,17
2934,244
2935,-1
2936,45
2937,64
2938,30
2939,135
2940,-1
2941,361
2942,305
2943,276
2944,12
2945,28
2946,18
2947,246
2948,41
2949,179
2950,45
2951,120
2952,146
2953,63
2954,64
2955,93
2956,402
2957,64
2958,47
2959,47
2960,47
2961,47
2962,44
2963,293
2964,-1
2965,88
2966,293
2967,84
2968,-1
2969,175
2970,111
2971,311
2972,63
2973,92
2974,23
2975,161
2976,178
2977,27
2978,328
2979,128
2980,84
2981,178
2982,454
2983,47
2984,161
2985,178
2986,82
2987,-1
2988,84
2989,296
2990,232
2991,208
2992,286
2993,84
2994,-1
2995,18
2996,-1
2997,68
2998,455
2999,94
3000,292
3001,161
3002,383
3003,178
3004,161
3005,104
3006,324
3007,41
3008,246
3009,257
3010,90
3011,-1
3012,61
3013,16
3014,138
3015,305
3016,-1
3017,293
3018,126
3019,-1
3020,36
3021,247
3022,55
3023,41
3024,9
3025,178
3026,113
3027,64
3028,2
3029,394
3030,-1
3031,81
3032,-1
3033,-1
3034,178
3035,-1
3036,178
3037,190
3038,307
3039,82
3040,128
3041,53
3042,161
3043,179
3044,45
3045,-1
3046,396
3047,178
3048,-1
3049,48
3050,383
3051,138
3052,64
3053,61
3054,84
3055,419
3056,-1
3057,135
3058,456
3059,383
3060,190
3061,331
3062,168
3063,-1
3064,82
3065,-1
3066,457
3067,174
3068,13
3069,458
3070,-1
3071,84
3072,275
3073,-1
3074,63
3075,161
3076,440
3077,82
3078,286
3079,459
3080,263
3081,460
3082,63
3083,96
3084,403
3085,95
3086,111
3087,128
3088,71
3089,-1
3090,178
3091,42
3092,102
3093,120
3094,313
3095,179
3096,-1
3097,36
3098,251
3099,313
3100,17
3101,18
3102,270
3103,365
3104,2
3105,82
3106,334
3107,359
3108,65
3109,-1
3110,-1
3111,45
3112,-1
3113,21
3114,153
3115,53
3116,190
3117,2
3118,20
3119,-1
3120,397
3121,93
3122,288
3123,24
3124,312
3125,220
3126,179
3127,135
3128,290
3129,-1
3130,461
3131,103
3132,84
3133,333
3134,239
3135,220
3136,47
3137,17
3138,394
3139,82
3140,120
3141,-1
3142,-1
3143,305
3144,212
3145,370
3146,64
3147,113
3148,121
3149,105
3150,-1
3151,48
3152,47
3153,310
3154,425
3155,220
3156,324
3157,63
3158,56
3159,132
3160,48
3161,-1
3162,94
3163,-1
3164,0
3165,118
3166,460
3167,329
3168,138
3169,212
3170,293
3171,7
3172,216
3173,-1
3174,79
3175,342
3176,60
3177,324
3178,-1
3179,462
3180,2
3181,79
3182,413
3183,63
3184,77
3185,63
3186,-1
3187,-1
3188,48
3189,56
3190,52
3191,113
3192,270
3193,-1
3194,94
3195,36
3196,112
3197,49
3198,25
3199,61
3200,112
3201,49
3202,220
3203,347
3204,-1
3205,68
3206,372
3207,220
3208,463
3209,359
3210,167
3211,2
3212,0
3213,104
3214,422
3215,47
3216,27
3217,69
3218,44
3219,386
3220,17
3221,-1
3222,103
3223,464
3224,111
3225,48
3226,268
3227,392
3228,4
3229,167
3230,-1
3231,31
3232,11
3233,350
3234,52
3235,19
3236,48
3237,60
3238,128
3239,-1
3240,131
3241,109
3242,200
3243,263
3244,41
3245,84
3246,53
3247,378
3248,70
3249,34
3250,447
3251,-1
3252,17
3253,174
3254,354
3255,179
3256,366
3257,55
3258,440
3259,450
3260,181
3261,43
3262,96
3263,465
3264,368
3265,400
3266,113
3267,175
3268,466
3269,-1
3270,179
3271,88
3272,467
3273,18
3274,262
3275,53
3276,246
3277,125
3278,104
3279,238
3280,251
3281,96
3282,112
3283,49
3284,48
3285,468
3286,-1
3287,-1
3288,-1
3289,342
3290,91
3291,-1
3292,47
3293,47
3294,337
3295,122
3296,87
3297,406
3298,-1
3299,469
3300,7
3301,47
3302,300
3303,55
3304,91
3305,61
3306,111
3307,64
3308,175
3309,-1
3310,263
3311,208
3312,305
3313,451
3314,346
3315,122
3316,59
3317,2
3318,52
3319,42
3320,15
3321,-1
3322,383
3323,-1
3324,58
3325,64
3326,125
3327,53
3328,3
3329,55
3330,215
3331,47
3332,42
3333,4
3334,181
3335,335
3336,120
3337,24
3338,48
3339,-1
3340,30
3341,167
3342,30
3343,243
3344,103
3345,96
3346,263
3347,181
3348,44
3349,56
3350,-1
3351,103
3352,50
3353,34
3354,175
3355,178
3356,-1
3357,79
3358,7
3359,286
3360,67
3361,135
3362,-1
3363,153
3364,217
3365,320
3366,159
3367,-1
3368,175
3369,225
3370,307
3371,-1
3372,-1
3373,30
3374,-1
3375,36
3376,313
3377,21
3378,90
3379,197
3380,-1
3381,314
3382,55
3383,24
3384,172
3385,1
3386,-1
3387,94
3388,470
3389,-1
3390,-1
3391,286
3392,471
3393,36
3394,-1
3395,163
3396,52
3397,-1
3398,-1
3399,21
3400,-1
3401,36
3402,52
3403,-1
3404,333
3405,307
3406,47
3407,30
3408,156
3409,262
3410,131
3411,239
3412,44
3413,85
3414,472
3415,244
3416,-1
3417,60
3418,30
3419,257
3420,12
3421,38
3422,73
3423,28
3424,113
3425,429
3426,177
3427,90
3428,104
3429,64
3430,17
3431,-1
3432,52
3433,167
3434,131
3435,473
3436,324
3437,230
3438,70
3439,325
3440,93
3441,85
3442,46
3443,53
3444,3
3445,335
3446,193
3447,36
3448,135
3449,93
3450,25
3451,15
3452,125
3453,3
3454,265
3455,54
3456,53
3457,251
3458,20
3459,52
3460,60
3461,-1
3462,27
3463,103
3464,-1
3465,474
3466,-1
3467,45
3468,63
3469,475
3470,268
3471,64
3472,112
3473,155
3474,438
3475,63
3476,43
3477,176
3478,476
3479,189
3480,64
3481,60
3482,187
3483,63
3484,60
3485,443
3486,202
3487,42
3488,60
3489,263
3490,-1
3491,112
3492,261
3493,475
3494,212
3495,112
3496,68
3497,191
3498,477
3499,155
3500,11
3501,60
3502,-1
3503,76
3504,-1
3505,83
3506,-1
3507,478
3508,11
3509,91
3510,-1
3511,-1
3512,119
3513,15
3514,263
3515,-1
3516,-1
3517,252
3518,171
3519,-1
3520,0
3521,252
3522,41
3523,-1
3524,174
3525,139
3526,-1
3527,155
3528,-1
3529,56
3530,-1
3531,112
3532,292
3533,55
3534,479
3535,-1
3536,277
3537,53
3538,480
3539,-1
3540,229
3541,463
3542,180
3543,31
3544,220
3545,462
3546,7
3547,57
3548,196
3549,71
3550,-1
3551,155
3552,-1
3553,-1
3554,70
3555,-1
3556,151
3557,28
3558,-1
3559,242
3560,75
3561,-1
3562,325
3563,481
3564,94
3565,-1
3566,105
3567,41
3568,95
3569,-1
3570,482
3571,61
3572,449
3573,-1
3574,61
3575,194
3576,-1
3577,36
3578,63
3579,-1
3580,27
3581,171
3582,-1
3583,146
3584,-1
3585,29
3586,-1
3587,63
3588,262
3589,155
3590,168
3591,-1
3592,483
3593,-1
3594,222
3595,36
3596,12
3597,370
3598,74
3599,7
3600,57
3601,103
3602,12
3603,146
3604,74
3605,160
3606,347
3607,144
3608,81
3609,30
3610,-1
3611,-1
3612,128
3613,150
3614,-1
3615,36
3616,484
3617,261
3618,175
3619,41
3620,485
3621,178
3622,197
3623,45
3624,244
3625,44
3626,57
3627,125
3628,338
3629,322
3630,179
3631,407
3632,220
3633,-1
3634,251
3635,7
3636,68
3637,-1
3638,486
3639,71
3640,487
3641,53
3642,68
3643,483
3644,488
3645,289
3646,189
3647,358
3648,394
3649,489
3650,-1
3651,370
3652,111
3653,464
3654,334
3655,158
3656,-1
3657,208
3658,267
3659,316
3660,63
3661,-1
3662,17
3663,30
3664,53
3665,69
3666,59
3667,0
3668,50
3669,76
3670,262
3671,90
3672,71
3673,388
3674,17
3675,31
3676,85
3677,-1
3678,0
3679,17
3680,145
3681,240
3682,-1
3683,63
3684,11
3685,174
3686,-1
3687,-1
3688,170
3689,57
3690,385
3691,22
3692,28
3693,-1
3694,490
3695,64
3696,153
3697,-1
3698,491
3699,182
3700,-1
3701,492
3702,480
3703,195
3704,173
3705,493
3706,74
3707,-1
3708,212
3709,17
3710,47
3711,36
3712,196
3713,222
3714,64
3715,449
3716,179
3717,494
3718,189
3719,58
3720,-1
3721,448
3722,-1
3723,285
3724,66
3725,-1
3726,495
3727,104
3728,394
3729,495
3730,32
3731,106
3732,266
3733,-1
3734,-1
3735,63
3736,45
3737,90
3738,305
3739,48
3740,336
3741,481
3742,174
3743,287
3744,429
3745,496
3746,497
3747,311
3748,17
3749,-1
3750,-1
3751,28
3752,58
3753,15
3754,23
3755,-1
3756,115
3757,32
3758,63
3759,498
3760,135
3761,-1
3762,64
3763,499
3764,91
3765,36
3766,316
3767,-1
3768,159
3769,84
3770,244
3771,-1
3772,190
3773,334
3774,211
3775,324
3776,286
3777,41
3778,171
3779,22
3780,166
3781,457
3782,139
3783,234
3784,500
3785,-1
3786,179
3787,416
3788,-1
3789,27
3790,174
3791,223
3792,36
3793,-1
3794,-1
3795,89
3796,53
3797,52
3798,63
3799,285
3800,341
3801,42
3802,178
3803,241
3804,429
3805,63
3806,94
3807,14
3808,491
3809,58
3810,2
3811,-1
3812,459
3813,-1
3814,128
3815,-1
3816,476
3817,159
3818,104
3819,277
3820,-1
3821,305
3822,265
3823,36
3824,44
3825,42
3826,501
3827,125
3828,-1
3829,48
3830,-1
3831,277
3832,502
3833,-1
3834,131
3835,18
3836,-1
3837,254
3838,284
3839,363
3840,457
3841,190
3842,82
3843,262
3844,144
3845,30
3846,-1
3847,68
3848,28
3849,241
3850,171
3851,36
3852,128
3853,503
3854,197
3855,119
3856,262
3857,52
3858,497
3859,36
3860,63
3861,30
3862,247
3863,322
3864,125
3865,69
3866,161
3867,-1
3868,-1
3869,310
3870,263
3871,499
3872,105
3873,104
3874,167
3875,53
3876,-1
3877,57
3878,30
3879,504
3880,44
3881,61
3882,44
3883,359
3884,238
3885,505
3886,146
3887,63
3888,181
3889,-1
3890,1
3891,434
3892,208
3893,114
3894,215
3895,88
3896,-1
3897,49
3898,244
3899,383
3900,-1
3901,506
3902,-1
3903,239
3904,11
3905,-1
3906,58
3907,263
3908,-1
3909,30
3910,507
3911,-1
3912,11
3913,49
3914,176
3915,503
3916,178
3917,-1
3918,63
3919,316
3920,91
3921,508
3922,501
3923,202
3924,486
3925,84
3926,126
3927,247
3928,500
3929,165
3930,-1
3931,173
3932,4
3933,407
3934,68
3935,44
3936,120
3937,509
3938,92
3939,43
3940,51
3941,464
3942,486
3943,286
3944,-1
3945,-1
3946,48
3947,153
3948,-1
3949,263
3950,165
3951,63
3952,61
3953,462
3954,510
3955,-1
3956,327
3957,171
3958,189
3959,30
3960,119
3961,506
3962,167
3963,178
3964,45
3965,64
3966,28
3967,316
3968,197
3969,30
3970,145
3971,36
3972,411
3973,47
3974,83
3975,352
3976,53
3977,11
3978,85
3979,189
3980,511
3981,44
3982,259
3983,399
3984,419
3985,158
3986,131
3987,-1
3988,128
3989,173
3990,260
3991,53
3992,-1
3993,498
3994,176
3995,30
3996,318
3997,126
3998,182
3999,416
4000,387
4001,84
4002,57
4003,485
4004,246
4005,48
4006,27
4007,359
4008,394
4009,103
4010,370
4011,199
4012,52
4013,348
4014,252
4015,112
4016,240
4017,487
4018,-1
4019,7
4020,175
4021,-1
4022,483
4023,44
4024,63
4025,57
4026,64
4027,145
4028,63
4029,26
4030,27
4031,-1
4032,139
4033,-1
4034,47
4035,27
4036,179
4037,45
4038,179
4039,60
4040,55
4041,512
4042,313
4043,353
4044,116
4045,93
4046,139
4047,43
4048,81
4049,-1
4050,218
4051,63
4052,-1
4053,417
4054,64
4055,-1
4056,189
4057,-1
4058,3
4059,58
4060,-1
4061,25
4062,139
4063,79
4064,203
4065,145
4066,73
4067,505
4068,458
4069,-1
4070,490
4071,27
4072,-1
4073,103
4074,133
4075,85
4076,93
4077,356
4078,47
4079,193
4080,-1
4081,229
4082,173
4083,36
4084,67
4085,17
4086,-1
4087,84
4088,-1
4089,-1
4090,179
4091,410
4092,504
4093,126
4094,57
4095,30
4096,53
4097,435
4098,103
4099,93
4100,139
4101,63
4102,466
4103,338
4104,28
4105,-1
4106,513
4107,429
4108,207
4109,445
4110,-1
4111,106
4112,103
4113,244
4114,316
4115,429
4116,173
4117,-1
4118,158
4119,-1
4120,-1
4121,-1
4122,462
4123,139
4124,458
4125,-1
4126,382
4127,251
4128,325
4129,146
4130,-1
4131,-1
4132,305
4133,57
4134,458
4135,175
4136,394
4137,41
4138,179
4139,57
4140,57
4141,-1
4142,198
4143,200
4144,-1
4145,55
4146,13
4147,286
4148,-1
4149,494
4150,-1
4151,25
4152,251
4153,176
4154,83
4155,45
4156,199
4157,139
4158,477
4159,155
4160,11
4161,-1
4162,-1
4163,57
4164,17
4165,54
4166,259
4167,135
4168,139
4169,90
4170,-1
4171,367
4172,434
4173,-1
4174,55
4175,145
4176,53
4177,113
4178,254
4179,239
4180,208
4181,189
4182,203
4183,111
4184,-1
4185,18
4186,124
4187,240
4188,260
4189,514
4190,429
4191,7
4192,453
4193,515
4194,63
4195,516
4196,12
4197,-1
4198,36
4199,33
4200,513
4201,419
4202,121
4203,-1
4204,434
4205,517
4206,26
4207,493
4208,192
4209,454
4210,52
4211,-1
4212,310
4213,53
4214,419
4215,2
4216,48
4217,-1
4218,104
4219,63
4220,441
4221,190
4222,518
4223,200
4224,-1
4225,54
4226,63
4227,36
4228,189
4229,-1
4230,398
4231,519
4232,68
4233,121
4234,104
4235,-1
4236,97
4237,58
4238,69
4239,-1
4240,-1
4241,237
4242,47
4243,119
4244,305
4245,-1
4246,484
4247,58
4248,34
4249,516
4250,440
4251,63
4252,113
4253,44
4254,290
4255,329
4256,4
4257,68
4258,263
4259,-1
4260,60
4261,57
4262,461
4263,465
4264,30
4265,11
4266,138
4267,215
4268,1
4269,69
4270,135
4271,2
4272,30
4273,142
4274,48
4275,-1
4276,82
4277,304
4278,-1
4279,311
4280,69
4281,385
4282,3
4283,36
4284,305
4285,370
4286,398
4287,168
4288,48
4289,2
4290,24
4291,70
4292,409
4293,44
4294,357
4295,234
4296,520
4297,43
4298,120
4299,112
4300,369
4301,178
4302,265
4303,-1
4304,-1
4305,521
4306,91
4307,-1
4308,-1
4309,59
4310,112
4311,59
4312,412
4313,2
4314,239
4315,471
4316,30
4317,24
4318,4
4319,94
4320,-1
4321,522
4322,492
4323,198
4324,458
4325,523
4326,270
4327,63
4328,68
4329,44
4330,196
4331,-1
4332,-1
4333,524
4334,521
4335,508
4336,-1
4337,146
4338,68
4339,53
4340,119
4341,270
4342,29
4343,95
4344,-1
4345,-1
4346,26
4347,44
4348,69
4349,79
4350,52
4351,383
4352,51
4353,146
4354,140
4355,461
4356,22
4357,-1
4358,-1
4359,11
4360,-1
4361,53
4362,525
4363,-1
4364,113
4365,65
4366,519
4367,-1
4368,96
4369,506
4370,52
4371,161
4372,312
4373,-1
4374,455
4375,49
4376,254
4377,44
4378,-1
4379,52
4380,136
4381,525
4382,298
4383,0
4384,139
4385,120
4386,68
4387,115
4388,63
4389,46
4390,461
4391,28
4392,-1
4393,-1
4394,85
4395,104
4396,289
4397,167
4398,235
4399,65
4400,341
4401,0
4402,28
4403,331
4404,-1
4405,-1
4406,55
4407,18
4408,415
4409,460
4410,-1
4411,227
4412,-1
4413,449
4414,-1
4415,112
4416,-1
4417,31
4418,351
4419,-1
4420,193
4421,526
4422,449
4423,11
4424,526
4425,58
4426,56
4427,291
4428,263
4429,373
4430,402
4431,161
4432,468
4433,7
4434,-1
4435,446
4436,91
4437,145
4438,-1
4439,120
4440,57
4441,197
4442,260
4443,-1
4444,36
4445,50
4446,187
4447,96
4448,32
4449,30
4450,17
4451,429
4452,-1
4453,47
4454,163
4455,146
4456,63
4457,138
4458,-1
4459,270
4460,120
4461,475
4462,49
4463,52
4464,263
4465,381
4466,202
4467,472
4468,36
4469,244
4470,53
4471,36
4472,263
4473,285
4474,69
4475,70
4476,172
4477,150
4478,0
4479,44
4480,313
4481,256
4482,49
4483,189
4484,259
4485,-1
4486,81
4487,2
4488,178
4489,75
4490,256
4491,129
4492,79
4493,-1
4494,27
4495,311
4496,104
4497,34
4498,112
4499,423
4500,153
4501,296
4502,197
4503,512
4504,22
4505,331
4506,505
4507,203
4508,200
4509,27
4510,209
4511,527
4512,240
4513,-1
4514,270
4515,478
4516,387
4517,36
4518,258
4519,220
4520,-1
4521,503
4522,263
4523,-1
4524,250
4525,78
4526,-1
4527,499
4528,53
4529,507
4530,0
4531,131
4532,71
4533,74
4534,52
4535,380
4536,200
4537,528
4538,429
4539,174
4540,-1
4541,63
4542,185
4543,48
4544,-1
4545,-1
4546,239
4547,179
4548,200
4549,-1
4550,450
4551,268
4552,78
4553,394
4554,63
4555,158
4556,256
4557,429
4558,70
4559,44
4560,-1
4561,-1
4562,48
4563,82
4564,113
4565,63
4566,-1
4567,442
4568,316
4569,408
4570,424
4571,-1
4572,265
4573,301
4574,63
4575,247
4576,-1
4577,523
4578,33
4579,-1
4580,54
4581,239
4582,176
4583,407
4584,505
4585,276
4586,-1
4587,457
4588,391
4589,305
4590,128
4591,36
4592,44
4593,63
4594,313
4595,-1
4596,-1
4597,93
4598,44
4599,112
4600,59
4601,47
4602,30
4603,160
4604,17
4605,49
4606,509
4607,243
4608,146
4609,30
4610,316
4611,-1
4612,337
4613,430
4614,12
4615,160
4616,187
4617,36
4618,2
4619,255
4620,353
4621,149
4622,494
4623,0
4624,192
4625,263
4626,-1
4627,443
4628,322
4629,103
4630,13
4631,-1
4632,141
4633,82
4634,394
4635,146
4636,1
4637,128
4638,128
4639,12
4640,154
4641,280
4642,-1
4643,85
4644,71
4645,112
4646,26
4647,69
4648,61
4649,81
4650,341
4651,239
4652,260
4653,173
4654,-1
4655,105
4656,104
4657,1
4658,30
4659,208
4660,11
4661,63
4662,84
4663,-1
4664,263
4665,70
4666,69
4667,120
4668,428
4669,505
4670,179
4671,-1
4672,400
4673,190
4674,87
4675,185
4676,12
4677,60
4678,45
4679,60
4680,383
4681,71
4682,416
4683,83
4684,355
4685,376
4686,68
4687,54
4688,488
4689,36
4690,11
4691,243
4692,395
4693,36
4694,165
4695,70
4696,529
4697,24
4698,146
4699,104
4700,40
4701,75
4702,63
4703,178
4704,305
4705,479
4706,-1
4707,30
4708,185
4709,93
4710,48
4711,-1
4712,13
4713,456
4714,103
4715,139
4716,530
4717,160
4718,47
4719,-1
4720,89
4721,139
4722,94
4723,476
4724,110
4725,-1
4726,373
4727,26
4728,-1
4729,130
4730,352
4731,93
4732,270
4733,-1
4734,145
4735,160
4736,438
4737,27
4738,203
4739,18
4740,-1
4741,111
4742,79
4743,305
4744,57
4745,511
4746,240
4747,60
4748,69
4749,31
4750,-1
4751,-1
4752,357
4753,454
4754,152
4755,57
4756,65
4757,44
4758,27
4759,47
4760,279
4761,53
4762,30
4763,47
4764,64
4765,-1
4766,93
4767,461
4768,-1
4769,-1
4770,-1
4771,514
4772,399
4773,63
4774,127
4775,510
4776,402
4777,147
4778,-1
4779,515
4780,519
4781,239
4782,52
4783,49
4784,106
4785,-1
4786,30
4787,30
4788,-1
4789,45
4790,-1
4791,56
4792,215
4793,192
4794,43
4795,64
4796,155
4797,131
4798,54
4799,231
4800,179
4801,340
4802,224
4803,263
4804,506
4805,139
4806,399
4807,-1
4808,111
4809,58
4810,211
4811,78
4812,-1
4813,56
4814,17
4815,332
4816,437
4817,153
4818,-1
4819,215
4820,155
4821,-1
4822,131
4823,-1
4824,-1
4825,83
4826,168
4827,-1
4828,430
4829,179
4830,52
4831,54
4832,72
4833,362
4834,473
4835,28
4836,17
4837,44
4838,69
4839,476
4840,161
4841,375
4842,69
4843,111
4844,69
4845,189
4846,27
4847,68
4848,115
4849,502
4850,65
4851,27
4852,79
4853,161
4854,163
4855,179
4856,263
4857,17
4858,155
4859,429
4860,126
4861,43
4862,449
4863,-1
4864,181
4865,30
4866,243
4867,-1
4868,132
4869,52
4870,36
4871,36
4872,115
4873,316
4874,139
4875,53
4876,47
4877,63
4878,63
4879,58
4880,44
4881,266
4882,244
4883,44
4884,462
4885,12
4886,16
4887,430
4888,44
4889,68
4890,178
4891,161
4892,63
4893,48
4894,57
4895,-1
4896,47
4897,124
4898,63
4899,230
4900,243
4901,17
4902,516
4903,32
4904,339
4905,49
4906,61
4907,293
4908,48
4909,244
4910,15
4911,28
4912,182
4913,139
4914,48
4915,454
4916,79
4917,63
4918,70
4919,57
4920,131
4921,-1
4922,30
4923,175
4924,36
4925,193
4926,30
4927,338
4928,-1
4929,348
4930,367
4931,47
4932,103
4933,38
4934,500
4935,112
4936,341
4937,155
4938,69
4939,28
4940,333
4941,104
4942,44
4943,120
4944,489
4945,531
4946,27
4947,260
4948,47
4949,16
4950,217
4951,54
4952,222
4953,93
4954,128
4955,-1
4956,246
4957,131
4958,111
4959,271
4960,63
4961,50
4962,65
4963,230
4964,-1
4965,1
4966,220
4967,27
4968,85
4969,324
4970,94
4971,57
4972,44
4973,197
4974,86
4975,-1
4976,50
4977,220
4978,249
4979,531
4980,32
4981,71
4982,54
4983,126
4984,452
4985,48
4986,160
4987,464
4988,28
4989,113
4990,57
4991,17
4992,44
4993,213
4994,42
4995,524
4996,12
4997,271
4998,0
4999,-1
5000,265
5001,337
5002,44
5003,-1
5004,146
5005,-1
5006,121
5007,1
5008,305
5009,179
5010,28
5011,30
5012,53
5013,-1
5014,64
5015,119
5016,179
5017,189
5018,30
5019,149
5020,411
5021,185
5022,429
5023,246
5024,190
5025,58
5026,36
5027,112
5028,54
5029,305
5030,532
5031,532
5032,64
5033,49
5034,17
5035,-1
5036,246
5037,146
5038,131
5039,48
5040,103
5041,427
5042,457
5043,1
5044,131
5045,394
5046,82
5047,341
5048,-1
5049,45
5050,305
5051,84
5052,65
5053,12
5054,55
5055,93
5056,36
5057,94
5058,199
5059,139
5060,-1
5061,189
5062,24
5063,474
5064,68
5065,121
5066,185
5067,47
5068,429
5069,527
5070,47
5071,370
5072,112
5073,-1
5074,36
5075,47
5076,44
5077,57
5078,167
5079,58
5080,143
5081,255
5082,161
5083,110
5084,44
5085,151
5086,47
5087,196
5088,128
5089,113
5090,490
5091,0
5092,-1
5093,388
5094,70
5095,174
5096,30
5097,370
5098,55
5099,104
5100,63
5101,153
5102,178
5103,476
5104,470
5105,55
5106,110
5107,84
5108,53
5109,495
5110,138
5111,80
5112,24
5113,11
5114,52
5115,97
5116,153
5117,-1
5118,178
5119,11
5120,119
5121,59
5122,64
5123,-1
5124,119
5125,263
5126,371
5127,496
5128,47
5129,30
5130,263
5131,17
5132,153
5133,27
5134,174
5135,103
5136,325
5137,63
5138,69
5139,93
5140,263
5141,81
5142,245
5143,416
5144,47
5145,-1
5146,53
5147,-1
5148,135
5149,110
5150,120
5151,70
5152,449
5153,58
5154,212
5155,112
5156,83
5157,11
5158,286
5159,50
5160,16
5161,81
5162,47
5163,32
5164,408
5165,54
5166,36
5167,414
5168,44
5169,189
5170,47
5171,41
5172,44
5173,25
5174,-1
5175,50
5176,63
5177,-1
5178,22
5179,139
5180,63
5181,43
5182,0
5183,457
5184,49
5185,-1
5186,367
5187,239
5188,178
5189,160
5190,104
5191,63
5192,3
5193,53
5194,57
5195,58
5196,128
5197,47
5198,41
5199,370
5200,44
5201,60
5202,54
5203,-1
5204,238
5205,27
5206,59
5207,57
5208,160
5209,36
5210,64
5211,239
5212,121
5213,-1
5214,56
5215,69
5216,22
5217,454
5218,176
5219,480
5220,47
5221,42
5222,53
5223,68
5224,46
5225,125
5226,63
5227,55
5228,17
5229,182
5230,36
5231,63
5232,145
5233,28
5234,30
5235,63
5236,215
5237,64
5238,44
5239,506
5240,83
5241,10
5242,47
5243,44
5244,84
5245,0
5246,63
5247,36
5248,-1
5249,119
5250,15
5251,131
5252,44
5253,80
5254,52
5255,-1
5256,429
5257,211
5258,53
5259,64
5260,405
5261,0
5262,12
5263,305
5264,103
5265,420
5266,81
5267,-1
5268,518
5269,68
5270,-1
5271,27
5272,48
5273,262
5274,482
5275,113
5276,104
5277,293
5278,84
5279,-1
5280,181
5281,157
5282,179
5283,473
5284,122
5285,158
5286,43
5287,44
5288,125
5289,44
5290,47
5291,177
5292,-1
5293,189
5294,54
5295,57
5296,53
5297,46
5298,2
5299,-1
5300,26
5301,96
5302,63
5303,182
5304,60
5305,64
5306,138
5307,60
5308,394
5309,139
5310,63
5311,69
5312,-1
5313,138
5314,55
5315,120
5316,-1
5317,244
5318,45
5319,139
5320,155
5321,44
5322,528
5323,265
5324,111
5325,194
5326,265
5327,403
5328,185
5329,63
5330,337
5331,-1
5332,239
5333,63
5334,146
5335,179
5336,141
5337,185
5338,30
5339,52
5340,54
5341,44
5342,93
5343,239
5344,529
5345,248
5346,103
5347,146
5348,-1
5349,63
5350,53
5351,63
5352,113
5353,52
5354,65
5355,453
5356,49
5357,34
5358,11
5359,370
5360,68
5361,200
5362,64
5363,11
5364,53
5365,52
5366,70
5367,57
5368,30
5369,60
5370,63
5371,139
5372,11
5373,44
5374,182
5375,128
5376,-1
5377,104
5378,382
5379,135
5380,63
5381,52
5382,490
5383,7
5384,-1
5385,44
5386,30
5387,30
5388,418
5389,64
5390,52
5391,160
5392,44
5393,47
5394,47
5395,222
5396,294
5397,220
5398,238
5399,0
5400,48
5401,53
5402,160
5403,-1
5404,530
5405,-1
5406,106
5407,-1
5408,30
5409,17
5410,63
5411,55
5412,391
5413,200
5414,36
5415,429
5416,246
5417,54
5418,26
5419,161
5420,128
5421,145
5422,41
5423,28
5424,185
5425,64
5426,49
5427,53
5428,193
5429,22
5430,81
5431,44
5432,112
5433,103
5434,63
5435,24
5436,43
5437,74
5438,11
5439,0
5440,197
5441,64
5442,2
5443,139
5444,55
5445,-1
5446,251
5447,60
5448,34
5449,47
5450,27
5451,220
5452,426
5453,234
5454,63
5455,68
5456,383
5457,91
5458,337
5459,67
5460,244
5461,1
5462,53
5463,416
5464,30
5465,399
5466,220
5467,68
5468,63
5469,131
5470,146
5471,64
5472,57
5473,57
5474,26
5475,3
5476,237
5477,120
5478,63
5479,52
5480,521
5481,138
5482,196
5483,520
5484,185
5485,258
5486,65
5487,103
5488,-1
5489,359
5490,198
5491,30
5492,176
5493,0
5494,28
5495,95
5496,55
5497,52
5498,173
5499,105
5500,155
5501,44
5502,44
5503,30
5504,329
5505,55
5506,476
5507,178
5508,63
5509,263
5510,93
5511,30
5512,64
5513,153
5514,522
5515,36
5516,104
5517,494
5518,214
5519,394
5520,324
5521,27
5522,63
5523,1
5524,30
5525,54
5526,305
5527,82
5528,47
5529,82
5530,63
5531,63
5532,-1
5533,30
5534,448
5535,63
5536,12
5537,167
5538,196
5539,68
5540,44
5541,155
5542,44
5543,68
5544,30
5545,63
5546,139
5547,-1
5548,135
5549,239
5550,212
5551,63
5552,429
5553,30
5554,1
5555,28
5556,331
5557,434
5558,52
5559,104
5560,64
5561,139
5562,63
5563,52
5564,47
5565,185
5566,103
5567,251
5568,-1
5569,187
5570,-1
5571,457
5572,-1
5573,139
5574,139
5575,44
5576,44
5577,128
5578,199
5579,139
5580,105
5581,53
5582,57
5583,337
5584,17
5585,49
5586,429
5587,255
5588,63
5589,43
5590,63
5591,185
5592,11
5593,53
5594,44
5595,63
5596,63
5597,68
5598,84
5599,93
5600,36
5601,63
5602,44
5603,63
5604,44
5605,155
5606,44
5607,58
5608,103
5609,434
5610,30
5611,36
5612,474
5613,-1
5614,-1
5615,68
5616,254
5617,43
5618,112
5619,93
5620,64
5621,155
5622,182
5623,145
5624,44
5625,64
5626,189
5627,-1
5628,57
5629,63
5630,44
5631,44
5632,44
5633,139
5634,63
5635,-1
5636,134
5637,30
5638,11
5639,139
5640,63
5641,173
5642,17
5643,43
5644,63
5645,279
5646,63
5647,74
5648,49
5649,2
5650,49
5651,125
5652,199
5653,139
5654,57
5655,49
5656,65
5657,30
5658,494
5659,70
5660,167
5661,517
5662,139
5663,-1
5664,149
5665,170
5666,27
5667,155
5668,-1
5669,52
5670,128
5671,63
5672,28
5673,57
5674,139
5675,-1
5676,64
5677,46
5678,429
5679,139
5680,49
5681,237
5682,30
5683,30
5684,57
5685,52
5686,464
5687,53
5688,91
5689,155
5690,-1
5691,516
5692,388
5693,63
5694,30
5695,155
5696,241
5697,-1
5698,477
5699,124
5700,161
5701,-1
5702,173
5703,247
5704,121
5705,505
5706,47
5707,-1
5708,37
5709,325
5710,223
5711,28
5712,27
5713,-1
5714,-1
5715,-1
5716,53
5717,115
5718,141
5719,120
5720,28
5721,491
5722,53
5723,36
5724,-1
5725,173
5726,0
5727,236
5728,64
5729,302
5730,-1
5731,47
5732,-1
5733,505
5734,432
5735,84
5736,104
5737,11
5738,270
5739,63
5740,125
5741,155
5742,208
5743,128
5744,57
5745,63
5746,265
5747,28
5748,146
5749,64
5750,63
5751,19
5752,0
5753,45
5754,-1
5755,63
5756,63
5757,45
5758,45
5759,251
5760,63
5761,64
5762,58
5763,106
5764,-1
5765,473
5766,57
5767,44
5768,86
5769,28
5770,263
5771,112
5772,12
5773,103
5774,44
5775,1
5776,63
5777,30
5778,24
5779,36
5780,30
5781,47
5782,27
5783,68
5784,113
5785,-1
5786,48
5787,18
5788,467
5789,30
5790,30
5791,63
5792,-1
5793,128
5794,2
5795,-1
5796,44
5797,199
5798,270
5799,211
5800,506
5801,63
5802,185
5803,38
5804,68
5805,12
5806,161
5807,238
5808,394
5809,10
5810,388
5811,311
5812,497
5813,63
5814,173
5815,63
5816,63
5817,7
5818,194
5819,104
5820,195
5821,63
5822,44
5823,43
5824,68
5825,3
5826,528
5827,72
5828,239
5829,469
5830,135
5831,95
5832,436
5833,-1
5834,2
5835,36
5836,32
5837,-1
5838,125
5839,113
5840,4
5841,50
5842,60
5843,63
5844,44
5845,44
5846,128
5847,44
5848,45
5849,52
5850,47
5851,63
5852,56
5853,3
5854,30
5855,60
5856,64
5857,63
5858,-1
5859,68
5860,387
5861,-1
5862,-1
5863,329
5864,383
5865,186
5866,-1
5867,364
5868,323
5869,234
5870,53
5871,481
5872,380
5873,-1
5874,53
5875,103
5876,22
5877,185
5878,-1
5879,212
5880,8
5881,260
5882,17
5883,134
5884,263
5885,197
5886,467
5887,55
5888,450
5889,112
5890,52
5891,-1
5892,117
5893,17
5894,248
5895,14
5896,-1
5897,394
5898,58
5899,260
